﻿<?xml version="1.0" encoding="utf-8" standalone="no"?>

<?xml-stylesheet type="text/xsl" href="http://www.akomantoso.org/styles/kenya.xsl"?>
<!--Akoma_Ntoso document-->
<akomantoso xmlns:xsi="http://www.w3.org/2001/XMLSchema-instance"
  xsi:schemaLocation="http://www.akomantoso.org/1.0 http://www.akomantoso.org/schemas/akomantoso10.xsd"
  xmlns="http://www.akomantoso.org/1.0">
  <act contains="OriginalVersion">
    <meta>
      <identification source="#cirfid">
        <Work>
          <uri href="/ke/act/2003-12-10/8" />
          <date date="2003-12-10" name="Generation" />
          <author href="#parliament" as="#author" />
        </Work>
        <Expression>
          <uri href="ke/act/2003-12-10/8/eng" />
          <date date="2007-07-27" name="Generation" />
          <author href="#cirfid" as="#jurist" />
          <components>
            <component id="ce1" href="main" showAs="Main document" />
          </components>
        </Expression>
        <Manifestation>
          <uri href="ke/act/2003-12-10/8/eng.akn" />
          <date date="2007-07-27" name="Generation" />
          <author href="#cirfid" as="#editor" />
          <author href="#fv" as="#editor" />
          <components>
            <component id="cm1" href="/ke/act/2003-12-10/8/eng.akn/main.xml" showAs="Main document"/>
          </components>
        </Manifestation>
      </identification>
      <publication name="internal" date="2003-12-19" showAs="" />
      <lifecycle source="#cirfid">
        <event id="e1" date="2003-12-19" source="#ro1" type="Generation" />
      </lifecycle>
      <analysis source="#cirfid">
        <ActiveModifications>
          <Textual type="Substitution" id="am1" incomplete="true">
            <source href="#ref2" />
            <source href="#art2-cla1-itma" />
            <destination href="/ke/act/1997-08-22/3/eng/main" />
            <new href="#mod6-qtd1"/>
          </Textual>
          <Textual type="Insertion" id="am2" incomplete="true">
            <source href="#ref20" />
            <source href="#art2-cla1-itmb" />
            <destination href="/ke/act/1997-08-22/3/eng/main" />
            <new href="#mod7-qtd1" />
          </Textual>
          <Textual type="Substitution" id="am3">
            <source href="#ref5" />
            <source href="#art3-cla1-itma" />
            <destination href="/ke/act/1997-08-22/3/eng/main#art22-cla3" />
            <old href="#mod8-qtd1" />
             <new href="#mod8-qtd2" />
          </Textual>
          <Textual type="Insertion" id="am4">
            <source href="#ref6" />
            <source href="#art3-cla1-itmb" />
            <destination href="/ke/act/1997-08-22/3/eng/main#art22-cla3" />
            <old href="#mod9-qtd2" />
            <new href="#mod9-qtd1" />
          </Textual>
          <Textual type="Substitution" id="am5">
            <source href="#ref9" />
            <source href="#art4-cla1-itma" />
            <destination href="/ke/act/1997-08-22/3/eng/main#art34-cla2-itma" />
            <old href="#mod10-qtd1" />
            <new href="#mod10-qtd2" />
          </Textual>
          <Textual type="Insertion" id="am6">
            <source href="#ref10" />
            <source href="#art4-cla1-itmb" />
            <destination href="/ke/act/1997-08-22/3/eng/main#art34-cla3" />
            <new href="#mod1-qtd1" />
          </Textual>
          <Textual type="Insertion" id="am7">
            <source href="#ref13" />
            <source href="#art5-cla1" />
            <destination href="/ke/act/1997-08-22/3/eng/main#art37-cla1" />
            <new href="#mod2-qtd1" />
          </Textual>
          <Textual type="Insertion" id="am8">
            <source href="#ref15" />
            <source href="#art6-cla1" />
            <destination href="/ke/act/1997-08-22/3/eng/main#art54" />
            <new href="#mod3-qtd1" />
          </Textual>
          <Textual type="Insertion" id="am9">
            <source href="#ref17" />
            <source href="#art7-cla1-itma" />
            <destination href="/ke/act/2002-12-12/5/eng/main#art311-cla1-itmc" />
            <new href="#mod4-qtd1" />
          </Textual>
          <Textual type="Substitution" id="am10">
            <source href="#ref18" />
            <source href="#art7-cla1-itmb" />
            <destination href="/ke/act/2002-12-12/5/eng/main#art311-cla2" />
            <new href="#mod5-qtd1" />
          </Textual>
        </ActiveModifications>
      </analysis>
      <references source="#cirfid">
        <Original id="ro1" href="/ke/act/2003-12-10/8/eng/main" showAs="Original" />
        <ActiveRef id="ra1" href="/ke/act/1997-08-22/3/eng/main" showAs="Retirement Benefits Act" />
        <ActiveRef id="ra2" href="/ke/act/2002-12-12/5/eng/main" showAs="Companies Act" />
        <Organization id="parliament" href="/ontology/Organization/ke/parliament" showAs="Parliament of Kenya"/>
        <Organization id="cirfid" href="/ontology/Organization/cirfid" showAs="CIRSFID"/>
        <Person id="fv" href="/ontology/Person/fv" showAs="Fabio Vitali"/>
        <Role id="author" href="/ontology/Roles/author" showAs="Author"/>
        <Role id="jurist" href="/ontology/Roles/jurist" showAs="Jurist"/>
        <Role id="editor" href="/ontology/Roles/editor" showAs="Editor"/>
      </references>
    </meta>
    <preface>
      <p>SPECIAL ISSUE<eol />Kenya Gazette Supplement No. 102 (Acts No. 9)<eol /><ActTitle
          id="ActTitle">THE RETIREMENT BENEFITS (AMENDMENT)</ActTitle>
        <eol /><ActType>ACT</ActType>, 2003<eol />No. <ActNumber>8</ActNumber> of 2003<eol />Date of
        Assent: <ActDate date="2003-12-10">10th December, 2003</ActDate><eol />Date of Commencement:
        19th December, 2003</p>
    </preface>
    <preamble id="preamble">
      <p>An Act of Parliament to amend the Retirement Benefits Act, 1997<eol />ENACTED by the
        Parliament of Kenya, as follows: -</p>
    </preamble>
    <clauses>
      <article id="art1">
        <num>1.</num>
        <title>Short title.</title>
        <clause id="art1-cla1">
          <p>This Act may be cited as the Retirement Benefits (Amendment) Act, 2003.</p>
        </clause>
      </article>
      <article id="art2">
        <num>2.</num>
        <title>Amendment of <ref id="ref19" href="/ke/act/1997-08-22/3/eng/main#art2">section 2 of
            No3 of 1997</ref></title>
        <clause id="art2-cla1">
          <p>The Retirement Benefits Act, 1997, in this Act referred to as the principal Act, is
            amended -</p>
          <list id="art2-cla1-lst1">
            <item id="art2-cla1-itma">
              <num>(a)</num>
              <p>by deleting the definition of "financial year" and <mod id="mod6"><ref id="ref2"
                    href="/ke/act/1997-08-22/3/eng/main">substituting</ref> therefor the following
                  new definition - "<quotedText id="mod6-qtd1">financial year" -<eol /> (a) in
                    relation to the Authority, has the meaning assigned to it in section 19'<eol />
                    (b) in relation to a scheme, means such accounting period as may be prescribed
                    in the scheme rules;</quotedText></mod></p>
            </item>
            <item id="art2-cla1-itmb">
              <num>(b)</num>
              <p>by <mod id="mod7"><ref id="ref20" href="/ke/act/1997-08-22/3/eng/main"
                  >inserting</ref> the following new definitions in their proper alphabetical
                  sequence - "<quotedText id="mod7-qtd1">pooled fund" means a fund established by a
                    limited liability company, other than an approved issuer, for purposes of
                    pooling scheme funds for collective investment;<eol />"statutory fund" has the
                    meaning assigned to it in <ref id="mod7-qtd1-ref1" href="/ke/act/xxxxxx">Cap.487 section 2 of the Insurance
                      Act</ref>.</quotedText></mod></p>
            </item>
          </list>
        </clause>
      </article>
      <article id="art3">
        <num>3.</num>
        <title>Amendment of <ref id="ref3" href="/ke/act/1997-08-22/3/eng/main#art22">section 22 of
            No. 3 of 1997</ref>.</title>
        <clause id="art3-cla1">
          <p>Section 22 of the principal Act is amended <ref id="ref4"
              href="/ke/act/1997-08-22/3/eng/main#art22-cla3">in subsection (3)</ref>-</p>
          <list id="art3-cla1-lst1">
            <item id="art3-cla1-itma">
              <num>(a)</num>
              <p>by <mod id="mod8"><ref id="ref5" href="/ke/act/1997-08-22/3/eng/main#art22-cla3"
                    >deleting</ref> the word "<quotedText id="mod8-qtd1">two</quotedText>" and
                  substituting therefore the word "<quotedText id="mod8-qtd2"
                >one</quotedText>"</mod>;</p>
            </item>
            <item id="art3-cla1-itmb">
              <num>(b)</num>
              <p>by <mod id="mod9"><ref id="ref6" href="/ke/act/1997-08-22/3/eng/main#art22-cla3"
                    >inserting</ref> the words "<quotedText id="mod9-qtd1">at least</quotedText>"
                  immediately before the word "<quotedText id="mod9-qtd2"
              >once</quotedText>"</mod>.</p>
            </item>
          </list>
        </clause>
      </article>
      <article id="art4">
        <num>4.</num>
        <title>Amendment of <ref id="ref7" href="/ke/act/1997-08-22/3/eng/main#art34">section 34 of
            No.3 of 1997</ref>.</title>
        <clause id="art4-cla1">
          <p><ref id="ref8" href="/ke/act/1997-08-22/3/eng/main#art34">Section 34</ref> of the
            principal Act is amended -</p>
          <list id="art4-cla1-lst1">
            <item id="art4-cla1-itma">
              <num>(a)</num>
              <p>in <mod id="mod10"><ref id="ref9"
                    href="/ke/act/1997-08-22/3/eng/main#art34-cla2-itma">subsection (2)</ref>, by
                  deleting the words "<quotedText id="mod10-qtd1">balance sheet</quotedText>"
                  appearing in paragraph (a) and substituting therefor the words "<quotedText
                    id="mod10-qtd2">statement of assets and liabilities</quotedText>"</mod>;</p>
            </item>
            <item id="art4-cla1-itmb">
              <num>(b)</num>
              <p>by inserting the following proviso at the end of <mod id="mod1"><ref id="ref10"
                    href="/ke/act/1997-08-22/3/eng/main#art34-cla3">subsection (3)</ref> -
                    "<quotedText id="mod1-qtd1">Provided that the appointed auditor shall not be a
                    member, trustee or sponsor of the scheme</quotedText>"</mod>.</p>
            </item>
          </list>
        </clause>
      </article>
      <article id="art5">
        <num>5.</num>
        <title>Amendment of <ref id="ref11" href="/ke/act/1997-08-22/3/eng/main#art37">section 37 of
            No.3 of 1997</ref>.</title>
        <clause id="art5-cla1">
          <p>Section 37 of the principal Act is amended by inserting the following proviso at the
            end of <mod id="mod2"><ref id="ref13" href="/ke/act/1997-08-22/3/eng/main#art37-cla1"
                >subsection (1)</ref> - "<quotedText id="mod2-qtd1">Provided that a scheme with a
                fund value of five million Kenya shillings or less may invest up to one hundred per
                centum of its scheme funds in Government securities</quotedText>"</mod>.</p>
        </clause>
      </article>
      <article id="art6">
        <num>6.</num>
        <title>Insertion of <ref id="ref14" href="/ke/act/1997-08-22/3/eng/main#art54">section 54A
            in No. 3 of 1997</ref></title>
        <clause id="art6-cla1">
          <p>The principal Act is amended by inserting the following new section immediately after
              <mod id="mod3"><ref id="ref15" href="/ke/act/1997-08-22/3/eng/main#art54">section
              54</ref> - <quotedStructure id="mod3-qtd1">
                <article id="mod3-qtd1-art54.a">
                  <num>54A</num>
                  <title>Conduct of prosecutions.</title>
                  <clause id="mod3-qtd1-art54.a-cla1">
                    <num>(1)</num>
                    <sidenote>Cap 75.</sidenote>
                    <p>The Attorney-General may, pursuant to the provisions of the Criminal
                      Procedure Code, appoint public prosecutors for the purposes of cases arising
                      under this Act.</p>
                  </clause>
                  <clause id="mod3-qtd1-art54.a-cla2">
                    <num>(2)</num>
                    <p>The Authority shall, for the purposes of the Criminal Procedure Code, be
                      deemed to be a public authority.</p>
                  </clause>
                </article>
              </quotedStructure></mod></p>
        </clause>
      </article>
      <article id="art7">
        <num>7.</num>
        <title>Amendment of <ref id="ref16" href="/ke/act/2002-12-12/5/eng/main#art311">section 311
            of Cap 486</ref></title>
        <clause id="art7-cla1">
          <p>Section 311 of Companies Act is amended -</p>
          <list id="art7-cla1-lst1">
            <item id="art7-cla1-itma">
              <num>(a)</num>
              <p>in subsection (1), by inserting the following paragraph immediately after <mod
                  id="mod4"><ref id="ref17" href="/ke/act/2002-12-12/5/eng/main#art311-cla1-itmc"
                    >paragraph (c )</ref> - <quotedStructure id="mod4-qtd1">
                    <list id="mod4-qtd1-lst1">
                      <item id="mod4-qtd1-itmcA">
                        <num>(cA)</num>
                        <p>all retirement benefits contributions and vested benefits of any clerk or
                          servant of the company;</p>
                      </item>
                    </list>
                  </quotedStructure></mod></p>
            </item>
            <item id="art7-cla1-itmb">
              <num>(b)</num>
              <p>by deleting the operative paragraph of <mod id="mod5"><ref id="ref18"
                    href="/ke/act/2002-12-12/5/eng/main#art311-cla2">subsection (2)</ref> and
                  substituting therefor the following - "<quotedStructure id="mod5-qtd1">
                    <clause id="mod5-qtd1-cla2">
                      <num>(2)</num>
                      <p>Notwithstanding anything in paragraph (c) or (cA) of subsection (1), the
                        sum to which priority is to be given under these paragraphs shall not, in
                        the case of any claimant, exceed twenty thousand shillings:</p>
                    </clause>
                  </quotedStructure>"</mod>.</p>
            </item>
          </list>
        </clause>
      </article>
    </clauses>
  </act>
</akomantoso>
